<?xml version="1.0" encoding="UTF-8"?>
<project-private xmlns="http://www.netbeans.org/ns/project-private/1">
    <editor-bookmarks xmlns="http://www.netbeans.org/ns/editor-bookmarks/1"/>
    <editor-bookmarks xmlns="http://www.netbeans.org/ns/editor-bookmarks/2" lastBookmarkId="0"/>
    <open-files xmlns="http://www.netbeans.org/ns/projectui-open-files/2">
        <group>
            <file>file:/E:/Archivo/2016/Univalle/InvestigacionIV/Sesiones/2016%2003%2016%20fixes/Win/BayesianFramework/src/Main/BayesianFramework.java</file>
            <file>file:/E:/Archivo/2016/Univalle/InvestigacionIV/Sesiones/2016%2003%2016%20fixes/Win/BayesianFramework/src/Sampler/BayesianMapper.java</file>
            <file>file:/E:/Archivo/2016/Univalle/InvestigacionIV/Sesiones/2016%2003%2016%20fixes/Win/BayesianFramework/src/Likelihood/BayesianModel.java</file>
        </group>
    </open-files>
</project-private>
